MatchID,Team,WK,11309
0,Sunrisers Hyderabad,NV Ojha,11309
0,Royal Challengers Bangalore,KM Jadhav,11310
1,Mumbai Indians,PA Patel,11310
1,Rising Pune Supergiant,MS Dhoni,11311
2,Gujarat Lions,KD Karthik,11311
2,Kolkata Knight Riders,RV Uthappa,11312
3,Rising Pune Supergiant,MS Dhoni,11312
3,Kings XI Punjab,WP Saha,11313
4,Royal Challengers Bangalore,Vishnu Vinod,11313
4,Delhi Daredevils,RR Pant,11314
5,Gujarat Lions,KD Karthik,11314
5,Sunrisers Hyderabad,NV Ojha,11315
6,Kolkata Knight Riders,RV Uthappa,11315
6,Mumbai Indians,PA Patel,11316
7,Royal Challengers Bangalore,Vishnu Vinod,11316
7,Kings XI Punjab,WP Saha,11317
8,Delhi Daredevils,RR Pant,11317
8,Rising Pune Supergiant,MS Dhoni,11318
9,Sunrisers Hyderabad,NV Ojha,11318
9,Mumbai Indians,PA Patel,11319
10,Kings XI Punjab,WP Saha,11319
10,Kolkata Knight Riders,RV Uthappa,11320
11,Royal Challengers Bangalore,KM Jadhav,11320
11,Mumbai Indians,PA Patel,11321
12,Rising Pune Supergiant,MS Dhoni,11321
12,Gujarat Lions,KD Karthik,11322
13,Kolkata Knight Riders,RV Uthappa,11322
13,Sunrisers Hyderabad,NV Ojha,11323
14,Delhi Daredevils,RR Pant,11323
14,Kings XI Punjab,WP Saha,11324
15,Gujarat Lions,KD Karthik,11324
15,Mumbai Indians,PA Patel,11325
16,Rising Pune Supergiant,MS Dhoni,11325
16,Royal Challengers Bangalore,KM Jadhav,11326
17,Delhi Daredevils,RR Pant,11326
17,Kolkata Knight Riders,RV Uthappa,11327
18,Sunrisers Hyderabad,NV Ojha,11327
18,Kings XI Punjab,WP Saha,11328
19,Royal Challengers Bangalore,KM Jadhav,11328
19,Gujarat Lions,KD Karthik,11329
20,Sunrisers Hyderabad,NV Ojha,11329
20,Delhi Daredevils,RR Pant,11330
21,Kings XI Punjab,WP Saha,11330
21,Mumbai Indians,PA Patel,11331
22,Kolkata Knight Riders,RV Uthappa,11331
22,Gujarat Lions,KD Karthik,11332
23,Sunrisers Hyderabad,NV Ojha,11332
23,Rising Pune Supergiant,MS Dhoni,11333
24,Mumbai Indians,PA Patel,11333
24,Delhi Daredevils,RR Pant,11334
25,Kings XI Punjab,WP Saha,11334
25,Gujarat Lions,KD Karthik,11335
26,Kolkata Knight Riders,RV Uthappa,11335
26,Royal Challengers Bangalore,KM Jadhav,11336
27,Rising Pune Supergiant,MS Dhoni,11336
27,Mumbai Indians,PA Patel,11337
28,Rising Pune Supergiant,MS Dhoni,11337
28,Kolkata Knight Riders,RV Uthappa,11338
29,Royal Challengers Bangalore,KM Jadhav,11338
29,Gujarat Lions,KD Karthik,11339
30,Delhi Daredevils,RR Pant,11339
30,Kolkata Knight Riders,RV Uthappa,11340
31,Sunrisers Hyderabad,NV Ojha,11340
31,Kings XI Punjab,WP Saha,11341
32,Rising Pune Supergiant,MS Dhoni,11341
32,Royal Challengers Bangalore,KM Jadhav,11342
33,Gujarat Lions,KD Karthik,11342
33,Mumbai Indians,PA Patel,11343
34,Delhi Daredevils,RR Pant,11343
34,Kings XI Punjab,WP Saha,11344
35,Sunrisers Hyderabad,NV Ojha,11344
35,Kolkata Knight Riders,RV Uthappa,11345
36,Royal Challengers Bangalore,KM Jadhav,11345
36,Mumbai Indians,PA Patel,11346
37,Gujarat Lions,KD Karthik,11346
37,Rising Pune Supergiant,MS Dhoni,11347
38,Sunrisers Hyderabad,NV Ojha,11347
38,Delhi Daredevils,RR Pant,
39,Kolkata Knight Riders,SP Jackson,
39,Rising Pune Supergiant,MS Dhoni,
40,Gujarat Lions,KD Karthik,
40,Delhi Daredevils,RR Pant,
41,Kings XI Punjab,WP Saha,
41,Royal Challengers Bangalore,KM Jadhav,
42,Rising Pune Supergiant,MS Dhoni,
42,Sunrisers Hyderabad,NV Ojha,
43,Mumbai Indians,PA Patel,
43,Delhi Daredevils,RR Pant,
44,Royal Challengers Bangalore,KM Jadhav,
44,Kolkata Knight Riders,SP Jackson,
45,Kings XI Punjab,WP Saha,
45,Gujarat Lions,KD Karthik,
46,Mumbai Indians,PA Patel,
46,Sunrisers Hyderabad,NV Ojha,
47,Kings XI Punjab,WP Saha,
47,Kolkata Knight Riders,RV Uthappa,
48,Gujarat Lions,KD Karthik,
48,Delhi Daredevils,RR Pant,
49,Kings XI Punjab,WP Saha,
49,Mumbai Indians,PA Patel,
50,Delhi Daredevils,RR Pant,
50,Rising Pune Supergiant,MS Dhoni,
51,Gujarat Lions,KD Karthik,
51,Sunrisers Hyderabad,NV Ojha,
52,Mumbai Indians,AT Rayudu,
52,Kolkata Knight Riders,RV Uthappa,
53,Kings XI Punjab,WP Saha,
53,Rising Pune Supergiant,MS Dhoni,
54,Royal Challengers Bangalore,Vishnu Vinod,
54,Delhi Daredevils,RR Pant,
55,Rising Pune Supergiant,MS Dhoni,
55,Mumbai Indians,PA Patel,
56,Sunrisers Hyderabad,NV Ojha,
56,Kolkata Knight Riders,RV Uthappa,
57,Kolkata Knight Riders,RV Uthappa,
57,Mumbai Indians,PA Patel,
58,Mumbai Indians,PA Patel,
58,Rising Pune Supergiant,MS Dhoni,
59,Mumbai Indians,Ishan Kishan,
59,Chennai Super Kings,MS Dhoni,
60,Kolkata Knight Riders,WP Saha,
60,Royal Challengers Bangalore,MV Boucher,
61,Chennai Super Kings,MS Dhoni,
61,Kings XI Punjab,KC Sangakkara,
62,Rajasthan Royals,M Rawat,
62,Delhi Daredevils,KD Karthik,
63,Deccan Chargers,AC Gilchrist,
63,Kolkata Knight Riders,WP Saha,
64,Mumbai Indians,L Ronchi,
64,Royal Challengers Bangalore,MV Boucher,
65,Kings XI Punjab,KC Sangakkara,
65,Rajasthan Royals,Kamran Akmal,
66,Deccan Chargers,AC Gilchrist,
66,Delhi Daredevils,KD Karthik,
67,Chennai Super Kings,MS Dhoni,
67,Mumbai Indians,L Ronchi,
68,Deccan Chargers,AC Gilchrist,
68,Rajasthan Royals,Kamran Akmal,
69,Kings XI Punjab,KC Sangakkara,
69,Mumbai Indians,L Ronchi,
70,Kolkata Knight Riders,BB McCullum,
70,Chennai Super Kings,MS Dhoni,
71,Royal Challengers Bangalore,MV Boucher,
71,Rajasthan Royals,M Rawat,
72,Delhi Daredevils,KD Karthik,
72,Kings XI Punjab,KC Sangakkara,
73,Mumbai Indians,L Ronchi,
73,Deccan Chargers,AC Gilchrist,
74,Chennai Super Kings,MS Dhoni,
74,Royal Challengers Bangalore,MV Boucher,
75,Kolkata Knight Riders,BB McCullum,
75,Mumbai Indians,PR Shah,
76,Delhi Daredevils,KD Karthik,
76,Royal Challengers Bangalore,MV Boucher,
77,Rajasthan Royals,M Rawat,
77,Kolkata Knight Riders,WP Saha,
78,Deccan Chargers,AC Gilchrist,
78,Kings XI Punjab,KC Sangakkara,
79,Chennai Super Kings,MS Dhoni,
79,Delhi Daredevils,KD Karthik,
80,Royal Challengers Bangalore,MV Boucher,
80,Deccan Chargers,AC Gilchrist,
81,Kings XI Punjab,KC Sangakkara,
81,Kolkata Knight Riders,WP Saha,
82,Mumbai Indians,YV Takawale,
82,Delhi Daredevils,KD Karthik,
83,Chennai Super Kings,MS Dhoni,
83,Rajasthan Royals,M Rawat,
84,Royal Challengers Bangalore,DT Patil,
84,Kings XI Punjab,U Kaul,
85,Chennai Super Kings,MS Dhoni,
85,Deccan Chargers,AC Gilchrist,
86,Rajasthan Royals,M Rawat,
86,Mumbai Indians,YV Takawale,
87,Delhi Daredevils,KD Karthik,
87,Chennai Super Kings,MS Dhoni,
88,Kolkata Knight Riders,WP Saha,
88,Royal Challengers Bangalore,MV Boucher,
89,Deccan Chargers,AC Gilchrist,
89,Rajasthan Royals,M Rawat,
90,Chennai Super Kings,MS Dhoni,
90,Kings XI Punjab,U Kaul,
91,Kolkata Knight Riders,WP Saha,
91,Deccan Chargers,AC Gilchrist,
92,Delhi Daredevils,KD Karthik,
92,Rajasthan Royals,M Rawat,
93,Royal Challengers Bangalore,MV Boucher,
93,Kings XI Punjab,U Kaul,
94,Kolkata Knight Riders,WP Saha,
94,Delhi Daredevils,AB de Villiers,
95,Chennai Super Kings,MS Dhoni,
95,Mumbai Indians,YV Takawale,
96,Delhi Daredevils,KD Karthik,
96,Deccan Chargers,AC Gilchrist,
97,Kolkata Knight Riders,WP Saha,
97,Mumbai Indians,YV Takawale,
98,Rajasthan Royals,M Rawat,
98,Royal Challengers Bangalore,DT Patil,
99,Delhi Daredevils,KD Karthik,
99,Kings XI Punjab,U Kaul,
100,Kolkata Knight Riders,WP Saha,
100,Chennai Super Kings,MS Dhoni,
101,Mumbai Indians,YV Takawale,
101,Deccan Chargers,AC Gilchrist,
102,Royal Challengers Bangalore,SP Goswami,
102,Delhi Daredevils,KD Karthik,
103,Kolkata Knight Riders,WP Saha,
103,Rajasthan Royals,M Rawat,
104,Kings XI Punjab,U Kaul,
104,Mumbai Indians,PR Shah,
105,Royal Challengers Bangalore,MV Boucher,
105,Chennai Super Kings,PA Patel,
106,Deccan Chargers,AC Gilchrist,
106,Kings XI Punjab,KC Sangakkara,
107,Rajasthan Royals,Kamran Akmal,
107,Chennai Super Kings,PA Patel,
108,Mumbai Indians,PR Shah,
108,Delhi Daredevils,KD Karthik,
109,Deccan Chargers,AC Gilchrist,
109,Royal Challengers Bangalore,SP Goswami,
110,Kings XI Punjab,KC Sangakkara,
110,Kolkata Knight Riders,WP Saha,
111,Mumbai Indians,YV Takawale,
111,Rajasthan Royals,Kamran Akmal,
112,Deccan Chargers,AC Gilchrist,
112,Chennai Super Kings,PA Patel,
113,Royal Challengers Bangalore,SP Goswami,
113,Mumbai Indians,YV Takawale,
114,Kings XI Punjab,KC Sangakkara,
114,Rajasthan Royals,Kamran Akmal,
115,Rajasthan Royals,M Rawat,
115,Delhi Daredevils,KD Karthik,
116,Kings XI Punjab,KC Sangakkara,
116,Chennai Super Kings,PA Patel,
117,Chennai Super Kings,PA Patel,
117,Rajasthan Royals,Kamran Akmal,
118,Mumbai Indians,PR Shah,
118,Chennai Super Kings,PA Patel,
119,Royal Challengers Bangalore,RV Uthappa,
119,Rajasthan Royals,M Rawat,
120,Kings XI Punjab,KC Sangakkara,
120,Delhi Daredevils,KD Karthik,
121,Kolkata Knight Riders,BB McCullum,
121,Deccan Chargers,AC Gilchrist,
122,Chennai Super Kings,MS Dhoni,
122,Royal Challengers Bangalore,RV Uthappa,
123,Kings XI Punjab,KC Sangakkara,
123,Kolkata Knight Riders,BB McCullum,
124,Deccan Chargers,AC Gilchrist,
124,Royal Challengers Bangalore,RV Uthappa,
125,Delhi Daredevils,KD Karthik,
125,Chennai Super Kings,MS Dhoni,
126,Rajasthan Royals,M Rawat,
126,Kolkata Knight Riders,BB McCullum,
127,Royal Challengers Bangalore,RV Uthappa,
127,Kings XI Punjab,KC Sangakkara,
128,Deccan Chargers,AC Gilchrist,
128,Mumbai Indians,PR Shah,
129,Royal Challengers Bangalore,MV Boucher,
129,Delhi Daredevils,KD Karthik,
130,Kings XI Punjab,KC Sangakkara,
130,Rajasthan Royals,M Rawat,
131,Chennai Super Kings,MS Dhoni,
131,Deccan Chargers,AC Gilchrist,
132,Mumbai Indians,PR Shah,
132,Kolkata Knight Riders,BB McCullum,
133,Delhi Daredevils,KD Karthik,
133,Rajasthan Royals,M Rawat,
134,Kolkata Knight Riders,MN van Wyk,
134,Royal Challengers Bangalore,MV Boucher,
135,Kings XI Punjab,KC Sangakkara,
135,Mumbai Indians,PR Shah,
136,Deccan Chargers,AC Gilchrist,
136,Delhi Daredevils,KD Karthik,
137,Chennai Super Kings,MS Dhoni,
137,Rajasthan Royals,M Rawat,
138,Mumbai Indians,PR Shah,
138,Kolkata Knight Riders,MN van Wyk,
139,Royal Challengers Bangalore,MV Boucher,
139,Kings XI Punjab,KC Sangakkara,
140,Deccan Chargers,AC Gilchrist,
140,Rajasthan Royals,NV Ojha,
141,Chennai Super Kings,MS Dhoni,
141,Delhi Daredevils,KD Karthik,
142,Kolkata Knight Riders,MN van Wyk,
142,Kings XI Punjab,KC Sangakkara,
143,Mumbai Indians,PR Shah,
143,Royal Challengers Bangalore,MV Boucher,
144,Chennai Super Kings,MS Dhoni,
144,Deccan Chargers,AC Gilchrist,
145,Rajasthan Royals,NV Ojha,
145,Kings XI Punjab,KC Sangakkara,
146,Kolkata Knight Riders,MN van Wyk,
146,Delhi Daredevils,KD Karthik,
147,Deccan Chargers,AC Gilchrist,
147,Mumbai Indians,PR Shah,
148,Royal Challengers Bangalore,MV Boucher,
148,Rajasthan Royals,NV Ojha,
149,Chennai Super Kings,MS Dhoni,
149,Kings XI Punjab,KC Sangakkara,
150,Mumbai Indians,PR Shah,
150,Delhi Daredevils,KD Karthik,
151,Deccan Chargers,AC Gilchrist,
151,Kings XI Punjab,KC Sangakkara,
152,Rajasthan Royals,NV Ojha,
152,Chennai Super Kings,MS Dhoni,
153,Mumbai Indians,YV Takawale,
153,Royal Challengers Bangalore,MV Boucher,
154,Kolkata Knight Riders,MN van Wyk,
154,Delhi Daredevils,KD Karthik,
155,Deccan Chargers,AC Gilchrist,
155,Rajasthan Royals,NV Ojha,
156,Kolkata Knight Riders,WP Saha,
156,Royal Challengers Bangalore,MV Boucher,
157,Kings XI Punjab,KC Sangakkara,
157,Mumbai Indians,YV Takawale,
158,Delhi Daredevils,KD Karthik,
158,Deccan Chargers,AC Gilchrist,
159,Chennai Super Kings,MS Dhoni,
159,Royal Challengers Bangalore,MV Boucher,
160,Rajasthan Royals,NV Ojha,
160,Mumbai Indians,YV Takawale,
161,Delhi Daredevils,KD Karthik,
161,Kings XI Punjab,KC Sangakkara,
162,Mumbai Indians,YV Takawale,
162,Chennai Super Kings,MS Dhoni,
163,Kolkata Knight Riders,WP Saha,
163,Deccan Chargers,AC Gilchrist,
164,Kings XI Punjab,KC Sangakkara,
164,Deccan Chargers,AC Gilchrist,
165,Delhi Daredevils,KD Karthik,
165,Rajasthan Royals,NV Ojha,
166,Chennai Super Kings,MS Dhoni,
166,Kolkata Knight Riders,WP Saha,
167,Delhi Daredevils,KD Karthik,
167,Royal Challengers Bangalore,MV Boucher,
168,Rajasthan Royals,NV Ojha,
168,Kolkata Knight Riders,SS Shaikh,
169,Chennai Super Kings,MS Dhoni,
169,Kings XI Punjab,KC Sangakkara,
170,Mumbai Indians,PR Shah,
170,Delhi Daredevils,KD Karthik,
171,Royal Challengers Bangalore,MV Boucher,
171,Deccan Chargers,AC Gilchrist,
172,Delhi Daredevils,KD Karthik,
172,Deccan Chargers,AC Gilchrist,
173,Chennai Super Kings,MS Dhoni,
173,Royal Challengers Bangalore,MV Boucher,
174,Deccan Chargers,AC Gilchrist,
174,Royal Challengers Bangalore,MV Boucher,
175,Kolkata Knight Riders,WP Saha,
175,Deccan Chargers,AC Gilchrist,
176,Mumbai Indians,AP Tare,
176,Rajasthan Royals,NV Ojha,
177,Kings XI Punjab,KC Sangakkara,
177,Delhi Daredevils,KD Karthik,
178,Royal Challengers Bangalore,SP Goswami,
178,Kolkata Knight Riders,WP Saha,
179,Deccan Chargers,AC Gilchrist,
179,Chennai Super Kings,MS Dhoni,
180,Rajasthan Royals,NV Ojha,
180,Delhi Daredevils,KD Karthik,
181,Kings XI Punjab,KC Sangakkara,
181,Royal Challengers Bangalore,MV Boucher,
182,Chennai Super Kings,MS Dhoni,
182,Kolkata Knight Riders,WP Saha,
183,Mumbai Indians,AP Tare,
183,Delhi Daredevils,KD Karthik,
184,Rajasthan Royals,NV Ojha,
184,Royal Challengers Bangalore,MV Boucher,
185,Delhi Daredevils,KD Karthik,
185,Chennai Super Kings,PA Patel,
186,Deccan Chargers,AC Gilchrist,
186,Kings XI Punjab,KC Sangakkara,
187,Rajasthan Royals,NV Ojha,
187,Kolkata Knight Riders,WP Saha,
188,Mumbai Indians,AP Tare,
188,Royal Challengers Bangalore,MV Boucher,
189,Deccan Chargers,AC Gilchrist,
189,Delhi Daredevils,KD Karthik,
190,Kings XI Punjab,KC Sangakkara,
190,Chennai Super Kings,PA Patel,
191,Kolkata Knight Riders,WP Saha,
191,Mumbai Indians,AP Tare,
192,Royal Challengers Bangalore,MV Boucher,
192,Chennai Super Kings,PA Patel,
193,Rajasthan Royals,NV Ojha,
193,Kings XI Punjab,KC Sangakkara,
194,Delhi Daredevils,KD Karthik,
194,Royal Challengers Bangalore,MV Boucher,
195,Chennai Super Kings,MS Dhoni,
195,Mumbai Indians,AP Tare,
196,Deccan Chargers,AC Gilchrist,
196,Rajasthan Royals,NV Ojha,
197,Kolkata Knight Riders,WP Saha,
197,Kings XI Punjab,KC Sangakkara,
198,Rajasthan Royals,NV Ojha,
198,Chennai Super Kings,MS Dhoni,
199,Mumbai Indians,AT Rayudu,
199,Deccan Chargers,AC Gilchrist,
200,Delhi Daredevils,KD Karthik,
200,Kolkata Knight Riders,WP Saha,
201,Kings XI Punjab,MS Bisla,
201,Mumbai Indians,AT Rayudu,
202,Royal Challengers Bangalore,RV Uthappa,
202,Chennai Super Kings,MS Dhoni,
203,Delhi Daredevils,KD Karthik,
203,Rajasthan Royals,NV Ojha,
204,Kolkata Knight Riders,WP Saha,
204,Deccan Chargers,AC Gilchrist,
205,Kings XI Punjab,KC Sangakkara,
205,Royal Challengers Bangalore,RV Uthappa,
206,Chennai Super Kings,MS Dhoni,
206,Rajasthan Royals,NV Ojha,
207,Mumbai Indians,AT Rayudu,
207,Deccan Chargers,AC Gilchrist,
208,Kolkata Knight Riders,WP Saha,
208,Kings XI Punjab,MS Bisla,
209,Delhi Daredevils,KD Karthik,
209,Royal Challengers Bangalore,RV Uthappa,
210,Rajasthan Royals,NV Ojha,
210,Deccan Chargers,AC Gilchrist,
211,Chennai Super Kings,MS Dhoni,
211,Mumbai Indians,AT Rayudu,
212,Kings XI Punjab,MS Bisla,
212,Rajasthan Royals,NV Ojha,
213,Kolkata Knight Riders,WP Saha,
213,Delhi Daredevils,KD Karthik,
214,Royal Challengers Bangalore,RV Uthappa,
214,Deccan Chargers,AC Gilchrist,
215,Mumbai Indians,AT Rayudu,
215,Kings XI Punjab,KC Sangakkara,
216,Chennai Super Kings,MS Dhoni,
216,Deccan Chargers,AC Gilchrist,
217,Kolkata Knight Riders,WP Saha,
217,Royal Challengers Bangalore,RV Uthappa,
218,Delhi Daredevils,KD Karthik,
218,Kings XI Punjab,KC Sangakkara,
219,Mumbai Indians,AT Rayudu,
219,Rajasthan Royals,NV Ojha,
220,Deccan Chargers,AC Gilchrist,
220,Royal Challengers Bangalore,RV Uthappa,
221,Mumbai Indians,C Madan,
221,Delhi Daredevils,KD Karthik,
222,Kolkata Knight Riders,WP Saha,
222,Chennai Super Kings,MS Dhoni,
223,Rajasthan Royals,NV Ojha,
223,Royal Challengers Bangalore,RV Uthappa,
224,Chennai Super Kings,MS Dhoni,
224,Delhi Daredevils,KD Karthik,
225,Kings XI Punjab,KC Sangakkara,
225,Deccan Chargers,AC Gilchrist,
226,Mumbai Indians,AP Tare,
226,Royal Challengers Bangalore,RV Uthappa,
227,Rajasthan Royals,NV Ojha,
227,Kolkata Knight Riders,BB McCullum,
228,Kings XI Punjab,KC Sangakkara,
228,Chennai Super Kings,MS Dhoni,
229,Deccan Chargers,AC Gilchrist,
229,Delhi Daredevils,KD Karthik,
230,Mumbai Indians,AP Tare,
230,Kolkata Knight Riders,WP Saha,
231,Mumbai Indians,AT Rayudu,
231,Royal Challengers Bangalore,RV Uthappa,
232,Chennai Super Kings,MS Dhoni,
232,Deccan Chargers,AC Gilchrist,
233,Deccan Chargers,AC Gilchrist,
233,Royal Challengers Bangalore,RV Uthappa,
234,Chennai Super Kings,MS Dhoni,
234,Mumbai Indians,AT Rayudu,
235,Chennai Super Kings,MS Dhoni,
235,Kolkata Knight Riders,MS Bisla,
236,Deccan Chargers,KC Sangakkara,
236,Rajasthan Royals,AG Paunikar,
237,Kochi Tuskers Kerala,PA Patel,
237,Royal Challengers Bangalore,AB de Villiers,
238,Delhi Daredevils,NV Ojha,
238,Mumbai Indians,DJ Jacobs,
239,Kings XI Punjab,AC Gilchrist,
239,Pune Warriors,RV Uthappa,
240,Kolkata Knight Riders,MS Bisla,
240,Deccan Chargers,KC Sangakkara,
241,Delhi Daredevils,NV Ojha,
241,Rajasthan Royals,AG Paunikar,
242,Royal Challengers Bangalore,AB de Villiers,
242,Mumbai Indians,DJ Jacobs,
243,Chennai Super Kings,MS Dhoni,
243,Kings XI Punjab,AC Gilchrist,
244,Kochi Tuskers Kerala,PA Patel,
244,Pune Warriors,RV Uthappa,
245,Deccan Chargers,KC Sangakkara,
245,Royal Challengers Bangalore,AB de Villiers,
246,Rajasthan Royals,AG Paunikar,
246,Kolkata Knight Riders,MS Bisla,
247,Mumbai Indians,DJ Jacobs,
247,Kochi Tuskers Kerala,PA Patel,
248,Chennai Super Kings,MS Dhoni,
248,Royal Challengers Bangalore,AB de Villiers,
249,Deccan Chargers,KC Sangakkara,
249,Kings XI Punjab,AC Gilchrist,
250,Pune Warriors,RV Uthappa,
250,Delhi Daredevils,NV Ojha,
251,Rajasthan Royals,AG Paunikar,
251,Kolkata Knight Riders,MS Bisla,
252,Chennai Super Kings,MS Dhoni,
252,Kochi Tuskers Kerala,PA Patel,
253,Deccan Chargers,KC Sangakkara,
253,Delhi Daredevils,NV Ojha,
254,Pune Warriors,TD Paine,
254,Mumbai Indians,AT Rayudu,
255,Kochi Tuskers Kerala,PA Patel,
255,Kolkata Knight Riders,MS Bisla,
256,Kings XI Punjab,AC Gilchrist,
256,Rajasthan Royals,DH Yagnik,
257,Kolkata Knight Riders,BJ Haddin,
257,Royal Challengers Bangalore,AB de Villiers,
258,Mumbai Indians,AT Rayudu,
258,Chennai Super Kings,MS Dhoni,
259,Delhi Daredevils,NV Ojha,
259,Kings XI Punjab,AC Gilchrist,
260,Mumbai Indians,DJ Jacobs,
260,Deccan Chargers,KC Sangakkara,
261,Kochi Tuskers Kerala,PA Patel,
261,Rajasthan Royals,DH Yagnik,
262,Chennai Super Kings,MS Dhoni,
262,Pune Warriors,RV Uthappa,
263,Delhi Daredevils,NV Ojha,
263,Royal Challengers Bangalore,AB de Villiers,
264,Pune Warriors,RV Uthappa,
264,Chennai Super Kings,MS Dhoni,
265,Deccan Chargers,KC Sangakkara,
265,Kochi Tuskers Kerala,PA Patel,
266,Kolkata Knight Riders,SP Goswami,
266,Delhi Daredevils,NV Ojha,
267,Mumbai Indians,DJ Jacobs,
267,Rajasthan Royals,DH Yagnik,
268,Royal Challengers Bangalore,AB de Villiers,
268,Pune Warriors,RV Uthappa,
269,Delhi Daredevils,NV Ojha,
269,Kochi Tuskers Kerala,PA Patel,
270,Kings XI Punjab,AC Gilchrist,
270,Kolkata Knight Riders,SP Goswami,
271,Pune Warriors,RV Uthappa,
271,Rajasthan Royals,DH Yagnik,
272,Chennai Super Kings,MS Dhoni,
272,Deccan Chargers,KC Sangakkara,
273,Mumbai Indians,DJ Jacobs,
273,Kings XI Punjab,AC Gilchrist,
274,Delhi Daredevils,NV Ojha,
274,Kochi Tuskers Kerala,PA Patel,
275,Kolkata Knight Riders,MV Boucher,
275,Deccan Chargers,KC Sangakkara,
276,Rajasthan Royals,DH Yagnik,
276,Chennai Super Kings,MS Dhoni,
277,Mumbai Indians,AT Rayudu,
277,Pune Warriors,RV Uthappa,
278,Kochi Tuskers Kerala,PA Patel,
278,Kolkata Knight Riders,MV Boucher,
279,Deccan Chargers,KC Sangakkara,
279,Delhi Daredevils,NV Ojha,
280,Royal Challengers Bangalore,AB de Villiers,
280,Kings XI Punjab,AC Gilchrist,
281,Chennai Super Kings,MS Dhoni,
281,Kolkata Knight Riders,MV Boucher,
282,Mumbai Indians,AT Rayudu,
282,Delhi Daredevils,NV Ojha,
283,Kochi Tuskers Kerala,PA Patel,
283,Royal Challengers Bangalore,AB de Villiers,
284,Kings XI Punjab,AC Gilchrist,
284,Pune Warriors,RV Uthappa,
285,Chennai Super Kings,MS Dhoni,
285,Rajasthan Royals,DH Yagnik,
286,Deccan Chargers,KC Sangakkara,
286,Pune Warriors,RV Uthappa,
287,Kings XI Punjab,AC Gilchrist,
287,Mumbai Indians,AT Rayudu,
288,Rajasthan Royals,DH Yagnik,
288,Royal Challengers Bangalore,KB Arun Karthik,
289,Chennai Super Kings,MS Dhoni,
289,Delhi Daredevils,NV Ojha,
290,Kochi Tuskers Kerala,PA Patel,
290,Kings XI Punjab,AC Gilchrist,
291,Kolkata Knight Riders,MV Boucher,
291,Royal Challengers Bangalore,KB Arun Karthik,
292,Deccan Chargers,KC Sangakkara,
292,Mumbai Indians,AT Rayudu,
293,Kings XI Punjab,AC Gilchrist,
293,Delhi Daredevils,NV Ojha,
294,Rajasthan Royals,PR Shah,
294,Kochi Tuskers Kerala,PA Patel,
295,Pune Warriors,RV Uthappa,
295,Deccan Chargers,KC Sangakkara,
296,Kings XI Punjab,AC Gilchrist,
296,Royal Challengers Bangalore,KB Arun Karthik,
297,Chennai Super Kings,MS Dhoni,
297,Kochi Tuskers Kerala,PA Patel,
298,Pune Warriors,RV Uthappa,
298,Kolkata Knight Riders,SP Goswami,
299,Mumbai Indians,AT Rayudu,
299,Rajasthan Royals,PR Shah,
300,Deccan Chargers,KH Devdhar,
300,Kings XI Punjab,AC Gilchrist,
301,Delhi Daredevils,NV Ojha,
301,Delhi Daredevils innings,NA,
302,Chennai Super Kings,MS Dhoni,
302,Royal Challengers Bangalore,AB de Villiers,
303,Kolkata Knight Riders,SP Goswami,
303,Mumbai Indians,AT Rayudu,
304,Royal Challengers Bangalore,AB de Villiers,
304,Chennai Super Kings,MS Dhoni,
305,Kolkata Knight Riders,SP Goswami,
305,Mumbai Indians,AT Rayudu,
306,Royal Challengers Bangalore,AB de Villiers,
306,Mumbai Indians,AT Rayudu,
307,Chennai Super Kings,MS Dhoni,
307,Royal Challengers Bangalore,AB de Villiers,
308,Chennai Super Kings,MS Dhoni,
308,Mumbai Indians,KD Karthik,
309,Kolkata Knight Riders,BB McCullum,
309,Delhi Daredevils,NV Ojha,
310,Pune Warriors,RV Uthappa,
310,Mumbai Indians,KD Karthik,
311,Rajasthan Royals,SP Goswami,
311,Kings XI Punjab,AC Gilchrist,
312,Royal Challengers Bangalore,AB de Villiers,
312,Delhi Daredevils,NV Ojha,
313,Chennai Super Kings,MS Dhoni,
313,Deccan Chargers,PA Patel,
314,Rajasthan Royals,SP Goswami,
314,Kolkata Knight Riders,BB McCullum,
315,Pune Warriors,RV Uthappa,
315,Kings XI Punjab,AC Gilchrist,
316,Deccan Chargers,PA Patel,
316,Mumbai Indians,KD Karthik,
317,Kolkata Knight Riders,MS Bisla,
317,Royal Challengers Bangalore,AB de Villiers,
318,Chennai Super Kings,MS Dhoni,
318,Delhi Daredevils,NV Ojha,
319,Mumbai Indians,KD Karthik,
319,Rajasthan Royals,SP Goswami,
320,Royal Challengers Bangalore,AB de Villiers,
320,Chennai Super Kings,MS Dhoni,
321,Pune Warriors,RV Uthappa,
321,Kings XI Punjab,AC Gilchrist,
322,Rajasthan Royals,SP Goswami,
322,Kolkata Knight Riders,MS Bisla,
323,Chennai Super Kings,MS Dhoni,
323,Pune Warriors,RV Uthappa,
324,Kings XI Punjab,AC Gilchrist,
324,Kolkata Knight Riders,MS Bisla,
325,Rajasthan Royals,SP Goswami,
325,Royal Challengers Bangalore,AB de Villiers,
326,Mumbai Indians,KD Karthik,
326,Delhi Daredevils,NV Ojha,
327,Deccan Chargers,KC Sangakkara,
327,Rajasthan Royals,DH Yagnik,
328,Pune Warriors,RV Uthappa,
328,Royal Challengers Bangalore,AB de Villiers,
329,Kings XI Punjab,AC Gilchrist,
329,Kolkata Knight Riders,MS Bisla,
330,Deccan Chargers,PA Patel,
330,Delhi Daredevils,NV Ojha,
331,Chennai Super Kings,MS Dhoni,
331,Pune Warriors,RV Uthappa,
332,Kings XI Punjab,N Saini,
332,Royal Challengers Bangalore,KB Arun Karthik,
333,Rajasthan Royals,SP Goswami,
333,Chennai Super Kings,MS Dhoni,
334,Pune Warriors,RV Uthappa,
334,Delhi Daredevils,NV Ojha,
335,Mumbai Indians,KD Karthik,
335,Kings XI Punjab,N Saini,
336,Deccan Chargers,PA Patel,
336,Kolkata Knight Riders,MS Bisla,
337,Royal Challengers Bangalore,AB de Villiers,
337,Rajasthan Royals,SP Goswami,
338,Pune Warriors,RV Uthappa,
338,Delhi Daredevils,NV Ojha,
339,Kings XI Punjab,N Saini,
339,Mumbai Indians,KD Karthik,
340,Deccan Chargers,PA Patel,
340,Pune Warriors,RV Uthappa,
341,Delhi Daredevils,NV Ojha,
341,Mumbai Indians,KD Karthik,
342,Kings XI Punjab,N Saini,
342,Chennai Super Kings,MS Dhoni,
343,Kolkata Knight Riders,BB McCullum,
343,Royal Challengers Bangalore,AB de Villiers,
344,Delhi Daredevils,NV Ojha,
344,Rajasthan Royals,SP Goswami,
345,Deccan Chargers,PA Patel,
345,Mumbai Indians,KD Karthik,
346,Chennai Super Kings,MS Dhoni,
346,Kolkata Knight Riders,BB McCullum,
347,Deccan Chargers,PA Patel,
347,Pune Warriors,RV Uthappa,
348,Rajasthan Royals,SP Goswami,
348,Delhi Daredevils,NV Ojha,
349,Royal Challengers Bangalore,AB de Villiers,
349,Kings XI Punjab,N Saini,
350,Mumbai Indians,KD Karthik,
350,Pune Warriors,RV Uthappa,
351,Chennai Super Kings,MS Dhoni,
351,Deccan Chargers,PA Patel,
352,Kolkata Knight Riders,BB McCullum,
352,Pune Warriors,RV Uthappa,
353,Rajasthan Royals,DH Yagnik,
353,Kings XI Punjab,N Saini,
354,Chennai Super Kings,MS Dhoni,
354,Mumbai Indians,KD Karthik,
355,Deccan Chargers,PA Patel,
355,Royal Challengers Bangalore,AB de Villiers,
356,Delhi Daredevils,NV Ojha,
356,Kolkata Knight Riders,BB McCullum,
357,Pune Warriors,RV Uthappa,
357,Rajasthan Royals,DH Yagnik,
358,Kings XI Punjab,N Saini,
358,Deccan Chargers,PA Patel,
359,Mumbai Indians,KD Karthik,
359,Royal Challengers Bangalore,AB de Villiers,
360,Deccan Chargers,PA Patel,
360,Delhi Daredevils,NV Ojha,
361,Rajasthan Royals,DH Yagnik,
361,Chennai Super Kings,MS Dhoni,
362,Royal Challengers Bangalore,AB de Villiers,
362,Pune Warriors,RV Uthappa,
363,Mumbai Indians,KD Karthik,
363,Kolkata Knight Riders,MS Bisla,
364,Delhi Daredevils,NV Ojha,
364,Chennai Super Kings,MS Dhoni,
365,Rajasthan Royals,SP Goswami,
365,Pune Warriors,RV Uthappa,
366,Deccan Chargers,PA Patel,
366,Kings XI Punjab,N Saini,
367,Royal Challengers Bangalore,AB de Villiers,
367,Mumbai Indians,KD Karthik,
368,Kolkata Knight Riders,BB McCullum,
368,Chennai Super Kings,MS Dhoni,
369,Kings XI Punjab,N Saini,
369,Delhi Daredevils,NV Ojha,
370,Kolkata Knight Riders,BB McCullum,
370,Mumbai Indians,KD Karthik,
371,Chennai Super Kings,MS Dhoni,
371,Kings XI Punjab,AC Gilchrist,
372,Royal Challengers Bangalore,AB de Villiers,
372,Delhi Daredevils,NV Ojha,
373,Rajasthan Royals,SP Goswami,
373,Deccan Chargers,PA Patel,
374,Kings XI Punjab,AC Gilchrist,
374,Delhi Daredevils,NV Ojha,
375,Kolkata Knight Riders,BB McCullum,
375,Pune Warriors,RV Uthappa,
376,Deccan Chargers,PA Patel,
376,Royal Challengers Bangalore,AB de Villiers,
377,Rajasthan Royals,DH Yagnik,
377,Mumbai Indians,KD Karthik,
378,Kolkata Knight Riders,BB McCullum,
378,Delhi Daredevils,NV Ojha,
379,Chennai Super Kings,MS Dhoni,
379,Mumbai Indians,KD Karthik,
380,Chennai Super Kings,MS Dhoni,
380,Delhi Daredevils,NV Ojha,
381,Chennai Super Kings,MS Dhoni,
381,Kolkata Knight Riders,MS Bisla,
382,Delhi Daredevils,NV Ojha,
382,Kolkata Knight Riders,MS Bisla,
383,Royal Challengers Bangalore,KB Arun Karthik,
383,Mumbai Indians,KD Karthik,
384,Sunrisers Hyderabad,PA Patel,
384,Pune Warriors,RV Uthappa,
385,Rajasthan Royals,MDKJ Perera,
385,Delhi Daredevils,NV Ojha,
386,Mumbai Indians,KD Karthik,
386,Chennai Super Kings,MS Dhoni,
387,Pune Warriors,RV Uthappa,
387,Kings XI Punjab,AC Gilchrist,
388,Royal Challengers Bangalore,KB Arun Karthik,
388,Sunrisers Hyderabad,PA Patel,
389,Rajasthan Royals,DH Yagnik,
389,Kolkata Knight Riders,MS Bisla,
390,Sunrisers Hyderabad,PA Patel,
390,Royal Challengers Bangalore,KB Arun Karthik,
391,Mumbai Indians,KD Karthik,
391,Delhi Daredevils,KM Jadhav,
392,Kings XI Punjab,AC Gilchrist,
392,Chennai Super Kings,MS Dhoni,
393,Kolkata Knight Riders,MS Bisla,
393,Royal Challengers Bangalore,KB Arun Karthik,
394,Rajasthan Royals,MDKJ Perera,
394,Pune Warriors,RV Uthappa,
395,Delhi Daredevils,KM Jadhav,
395,Sunrisers Hyderabad,PA Patel,
396,Mumbai Indians,KD Karthik,
396,Pune Warriors,RV Uthappa,
397,Royal Challengers Bangalore,KB Arun Karthik,
397,Chennai Super Kings,MS Dhoni,
398,Kolkata Knight Riders,MS Bisla,
398,Sunrisers Hyderabad,PA Patel,
399,Kings XI Punjab,AC Gilchrist,
399,Rajasthan Royals,SV Samson,
400,Pune Warriors,RV Uthappa,
400,Chennai Super Kings,MS Dhoni,
401,Kings XI Punjab,AC Gilchrist,
401,Kolkata Knight Riders,MS Bisla,
402,Delhi Daredevils,KM Jadhav,
402,Royal Challengers Bangalore,KB Arun Karthik,
403,Sunrisers Hyderabad,PA Patel,
403,Pune Warriors,RV Uthappa,
404,Rajasthan Royals,DH Yagnik,
404,Mumbai Indians,KD Karthik,
405,Chennai Super Kings,MS Dhoni,
405,Delhi Daredevils,KM Jadhav,
406,Kings XI Punjab,AC Gilchrist,
406,Sunrisers Hyderabad,Q de Kock,
407,Kolkata Knight Riders,DB Das,
407,Chennai Super Kings,MS Dhoni,
408,Rajasthan Royals,DH Yagnik,
408,Royal Challengers Bangalore,KB Arun Karthik,
409,Mumbai Indians,KD Karthik,
409,Delhi Daredevils,KM Jadhav,
410,Pune Warriors,RV Uthappa,
410,Kings XI Punjab,AC Gilchrist,
411,Rajasthan Royals,DH Yagnik,
411,Chennai Super Kings,MS Dhoni,
412,Royal Challengers Bangalore,KB Arun Karthik,
412,Pune Warriors,RV Uthappa,
413,Delhi Daredevils,KM Jadhav,
413,Kings XI Punjab,AC Gilchrist,
414,Kolkata Knight Riders,DB Das,
414,Mumbai Indians,KD Karthik,
415,Sunrisers Hyderabad,Q de Kock,
415,Chennai Super Kings,MS Dhoni,
416,Kings XI Punjab,AC Gilchrist,
416,Kolkata Knight Riders,MS Bisla,
417,Sunrisers Hyderabad,KC Sangakkara,
417,Rajasthan Royals,DH Yagnik,
418,Mumbai Indians,KD Karthik,
418,Royal Challengers Bangalore,KB Arun Karthik,
419,Chennai Super Kings,MS Dhoni,
419,Kolkata Knight Riders,MS Bisla,
420,Delhi Daredevils,KM Jadhav,
420,Pune Warriors,RV Uthappa,
421,Royal Challengers Bangalore,AB de Villiers,
421,Rajasthan Royals,SV Samson,
422,Mumbai Indians,KD Karthik,
422,Kings XI Punjab,Gurkeerat Singh,
423,Chennai Super Kings,MS Dhoni,
423,Pune Warriors,RV Uthappa,
424,Mumbai Indians,KD Karthik,
424,Sunrisers Hyderabad,KC Sangakkara,
425,Kolkata Knight Riders,MS Bisla,
425,Delhi Daredevils,KM Jadhav,
426,Chennai Super Kings,MS Dhoni,
426,Kings XI Punjab,Gurkeerat Singh,
427,Royal Challengers Bangalore,KB Arun Karthik,
427,Pune Warriors,RV Uthappa,
428,Rajasthan Royals,DH Yagnik,
428,Kolkata Knight Riders,MS Bisla,
429,Delhi Daredevils,KM Jadhav,
429,Sunrisers Hyderabad,PA Patel,
430,Mumbai Indians,KD Karthik,
430,Chennai Super Kings,MS Dhoni,
431,Pune Warriors,M Rawat,
431,Rajasthan Royals,SV Samson,
432,Royal Challengers Bangalore,KB Arun Karthik,
432,Kings XI Punjab,Gurkeerat Singh,
433,Delhi Daredevils,CM Gautam,
433,Rajasthan Royals,SV Samson,
434,Mumbai Indians,KD Karthik,
434,Kolkata Knight Riders,MS Bisla,
435,Chennai Super Kings,MS Dhoni,
435,Sunrisers Hyderabad,PA Patel,
436,Kings XI Punjab,AC Gilchrist,
436,Rajasthan Royals,DH Yagnik,
437,Kolkata Knight Riders,MS Bisla,
437,Pune Warriors,M Rawat,
438,Royal Challengers Bangalore,AB de Villiers,
438,Delhi Daredevils,KM Jadhav,
439,Pune Warriors,RV Uthappa,
439,Mumbai Indians,KD Karthik,
440,Sunrisers Hyderabad,PA Patel,
440,Kings XI Punjab,AC Gilchrist,
441,Royal Challengers Bangalore,AB de Villiers,
441,Kolkata Knight Riders,MS Bisla,
442,Chennai Super Kings,MS Dhoni,
442,Rajasthan Royals,DH Yagnik,
443,Sunrisers Hyderabad,PA Patel,
443,Mumbai Indians,KD Karthik,
444,Royal Challengers Bangalore,KB Arun Karthik,
444,Kings XI Punjab,AC Gilchrist,
445,Chennai Super Kings,MS Dhoni,
445,Delhi Daredevils,KM Jadhav,
446,Pune Warriors,RV Uthappa,
446,Kolkata Knight Riders,MS Bisla,
447,Mumbai Indians,KD Karthik,
447,Rajasthan Royals,DH Yagnik,
448,Kings XI Punjab,AC Gilchrist,
448,Delhi Daredevils,CM Gautam,
449,Sunrisers Hyderabad,PA Patel,
449,Rajasthan Royals,SV Samson,
450,Kings XI Punjab,AC Gilchrist,
450,Mumbai Indians,KD Karthik,
451,Royal Challengers Bangalore,KL Rahul,
451,Chennai Super Kings,MS Dhoni,
452,Pune Warriors,RV Uthappa,
452,Delhi Daredevils,CM Gautam,
453,Kolkata Knight Riders,MS Bisla,
453,Sunrisers Hyderabad,PA Patel,
454,Chennai Super Kings,MS Dhoni,
454,Mumbai Indians,KD Karthik,
455,Sunrisers Hyderabad,PA Patel,
455,Rajasthan Royals,DH Yagnik,
456,Rajasthan Royals,DH Yagnik,
456,Mumbai Indians,KD Karthik,
457,Mumbai Indians,KD Karthik,
457,Chennai Super Kings,MS Dhoni,
458,Kolkata Knight Riders,RV Uthappa,
458,Mumbai Indians,CM Gautam,
459,Delhi Daredevils,KD Karthik,
459,Royal Challengers Bangalore,PA Patel,
460,Chennai Super Kings,MS Dhoni,
460,Kings XI Punjab,WP Saha,
461,Sunrisers Hyderabad,KL Rahul,
461,Rajasthan Royals,SV Samson,
462,Mumbai Indians,AP Tare,
462,Royal Challengers Bangalore,PA Patel,
463,Kolkata Knight Riders,RV Uthappa,
463,Delhi Daredevils,KD Karthik,
464,Rajasthan Royals,SV Samson,
464,Kings XI Punjab,WP Saha,
465,Chennai Super Kings,MS Dhoni,
465,Delhi Daredevils,KD Karthik,
466,Kings XI Punjab,WP Saha,
466,Sunrisers Hyderabad,KL Rahul,
467,Chennai Super Kings,MS Dhoni,
467,Rajasthan Royals,SV Samson,
468,Kolkata Knight Riders,RV Uthappa,
468,Royal Challengers Bangalore,PA Patel,
469,Sunrisers Hyderabad,NV Ojha,
469,Delhi Daredevils,KD Karthik,
470,Mumbai Indians,CM Gautam,
470,Chennai Super Kings,MS Dhoni,
471,Royal Challengers Bangalore,PA Patel,
471,Rajasthan Royals,SV Samson,
472,Kings XI Punjab,WP Saha,
472,Kolkata Knight Riders,RV Uthappa,
473,Mumbai Indians,CM Gautam,
473,Delhi Daredevils,KD Karthik,
474,Sunrisers Hyderabad,KL Rahul,
474,Chennai Super Kings,MS Dhoni,
475,Royal Challengers Bangalore,PA Patel,
475,Kings XI Punjab,WP Saha,
476,Rajasthan Royals,SV Samson,
476,Kolkata Knight Riders,MS Bisla,
477,Sunrisers Hyderabad,NV Ojha,
477,Mumbai Indians,CM Gautam,
478,Chennai Super Kings,MS Dhoni,
478,Kolkata Knight Riders,RV Uthappa,
479,Kings XI Punjab,WP Saha,
479,Mumbai Indians,CM Gautam,
480,Delhi Daredevils,KD Karthik,
480,Rajasthan Royals,SV Samson,
481,Sunrisers Hyderabad,NV Ojha,
481,Royal Challengers Bangalore,PA Patel,
482,Rajasthan Royals,SV Samson,
482,Kolkata Knight Riders,RV Uthappa,
483,Delhi Daredevils,KD Karthik,
483,Chennai Super Kings,MS Dhoni,
484,Mumbai Indians,CM Gautam,
484,Royal Challengers Bangalore,PA Patel,
485,Delhi Daredevils,KD Karthik,
485,Kolkata Knight Riders,RV Uthappa,
486,Kings XI Punjab,WP Saha,
486,Chennai Super Kings,MS Dhoni,
487,Sunrisers Hyderabad,NV Ojha,
487,Rajasthan Royals,SV Samson,
488,Kings XI Punjab,WP Saha,
488,Royal Challengers Bangalore,PA Patel,
489,Delhi Daredevils,KD Karthik,
489,Sunrisers Hyderabad,NV Ojha,
490,Mumbai Indians,CM Gautam,
490,Chennai Super Kings,MS Dhoni,
491,Kings XI Punjab,WP Saha,
491,Kolkata Knight Riders,RV Uthappa,
492,Royal Challengers Bangalore,PA Patel,
492,Rajasthan Royals,SV Samson,
493,Sunrisers Hyderabad,NV Ojha,
493,Mumbai Indians,CM Gautam,
494,Rajasthan Royals,DH Yagnik,
494,Chennai Super Kings,MS Dhoni,
495,Royal Challengers Bangalore,PA Patel,
495,Delhi Daredevils,Q de Kock,
496,Sunrisers Hyderabad,NV Ojha,
496,Kings XI Punjab,WP Saha,
497,Mumbai Indians,CM Gautam,
497,Kolkata Knight Riders,RV Uthappa,
498,Rajasthan Royals,SV Samson,
498,Delhi Daredevils,KD Karthik,
499,Chennai Super Kings,MS Dhoni,
499,Royal Challengers Bangalore,PA Patel,
500,Sunrisers Hyderabad,NV Ojha,
500,Kolkata Knight Riders,RV Uthappa,
501,Mumbai Indians,AP Tare,
501,Rajasthan Royals,SV Samson,
502,Delhi Daredevils,KD Karthik,
502,Kings XI Punjab,WP Saha,
503,Royal Challengers Bangalore,PA Patel,
503,Sunrisers Hyderabad,NV Ojha,
504,Chennai Super Kings,MS Dhoni,
504,Kolkata Knight Riders,RV Uthappa,
505,Kings XI Punjab,WP Saha,
505,Mumbai Indians,AP Tare,
506,Kolkata Knight Riders,RV Uthappa,
506,Royal Challengers Bangalore,YV Takawale,
507,Chennai Super Kings,MS Dhoni,
507,Sunrisers Hyderabad,NV Ojha,
508,Mumbai Indians,AP Tare,
508,Delhi Daredevils,KD Karthik,
509,Kings XI Punjab,WP Saha,
509,Rajasthan Royals,SV Samson,
510,Royal Challengers Bangalore,YV Takawale,
510,Chennai Super Kings,MS Dhoni,
511,Sunrisers Hyderabad,NV Ojha,
511,Kolkata Knight Riders,RV Uthappa,
512,Delhi Daredevils,KD Karthik,
512,Kings XI Punjab,WP Saha,
513,Rajasthan Royals,SV Samson,
513,Mumbai Indians,AP Tare,
514,Kolkata Knight Riders,RV Uthappa,
514,Kings XI Punjab,WP Saha,
515,Mumbai Indians,AP Tare,
515,Chennai Super Kings,MS Dhoni,
516,Kings XI Punjab,WP Saha,
516,Chennai Super Kings,MS Dhoni,
517,Kings XI Punjab,WP Saha,
517,Kolkata Knight Riders,RV Uthappa,
518,Mumbai Indians,AP Tare,
518,Kolkata Knight Riders,RV Uthappa,
519,Chennai Super Kings,MS Dhoni,
519,Delhi Daredevils,CM Gautam,
520,Rajasthan Royals,SV Samson,
520,Kings XI Punjab,WP Saha,
521,Chennai Super Kings,MS Dhoni,
521,Sunrisers Hyderabad,NV Ojha,
522,Kolkata Knight Riders,RV Uthappa,
522,Royal Challengers Bangalore,KD Karthik,
523,Delhi Daredevils,KM Jadhav,
523,Rajasthan Royals,SV Samson,
524,Kings XI Punjab,WP Saha,
524,Mumbai Indians,AP Tare,
525,Royal Challengers Bangalore,KD Karthik,
525,Sunrisers Hyderabad,NV Ojha,
526,Mumbai Indians,PA Patel,
526,Rajasthan Royals,SV Samson,
527,Kings XI Punjab,WP Saha,
527,Delhi Daredevils,KM Jadhav,
528,Sunrisers Hyderabad,NV Ojha,
528,Rajasthan Royals,SV Samson,
529,Mumbai Indians,PA Patel,
529,Chennai Super Kings,MS Dhoni,
530,Delhi Daredevils,KM Jadhav,
530,Sunrisers Hyderabad,NV Ojha,
531,Kings XI Punjab,WP Saha,
531,Kolkata Knight Riders,RV Uthappa,
532,Chennai Super Kings,MS Dhoni,
532,Rajasthan Royals,SV Samson,
533,Mumbai Indians,PA Patel,
533,Royal Challengers Bangalore,KD Karthik,
534,Delhi Daredevils,KM Jadhav,
534,Kolkata Knight Riders,RV Uthappa,
535,Rajasthan Royals,SV Samson,
535,Kings XI Punjab,WP Saha,
536,Sunrisers Hyderabad,NV Ojha,
536,Kolkata Knight Riders,RV Uthappa,
537,Chennai Super Kings,MS Dhoni,
537,Royal Challengers Bangalore,KD Karthik,
538,Delhi Daredevils,KM Jadhav,
538,Mumbai Indians,PA Patel,
539,Rajasthan Royals,SV Samson,
539,Royal Challengers Bangalore,KD Karthik,
540,Mumbai Indians,PA Patel,
540,Sunrisers Hyderabad,NV Ojha,
541,Chennai Super Kings,MS Dhoni,
541,Kings XI Punjab,WP Saha,
542,Delhi Daredevils,KM Jadhav,
542,Royal Challengers Bangalore,KD Karthik,
543,Sunrisers Hyderabad,NV Ojha,
543,Kings XI Punjab,WP Saha,
544,Chennai Super Kings,MS Dhoni,
544,Kolkata Knight Riders,RV Uthappa,
545,Royal Challengers Bangalore,KD Karthik,
545,Royal Challengers Bangalore innings,NA,
546,Chennai Super Kings,MS Dhoni,
546,Kolkata Knight Riders,RV Uthappa,
547,Kings XI Punjab,WP Saha,
547,Delhi Daredevils,KM Jadhav,
548,Mumbai Indians,PA Patel,
548,Rajasthan Royals,SV Samson,
549,Kolkata Knight Riders,RV Uthappa,
549,Royal Challengers Bangalore,KD Karthik,
550,Sunrisers Hyderabad,NV Ojha,
550,Chennai Super Kings,MS Dhoni,
551,Mumbai Indians,PA Patel,
551,Kings XI Punjab,WP Saha,
552,Rajasthan Royals,SV Samson,
552,Delhi Daredevils,KM Jadhav,
553,Chennai Super Kings,MS Dhoni,
553,Royal Challengers Bangalore,KD Karthik,
554,Kolkata Knight Riders,RV Uthappa,
554,Sunrisers Hyderabad,NV Ojha,
555,Delhi Daredevils,KM Jadhav,
555,Mumbai Indians,PA Patel,
556,Royal Challengers Bangalore,KD Karthik,
556,Kings XI Punjab,WP Saha,
557,Sunrisers Hyderabad,NV Ojha,
557,Rajasthan Royals,SV Samson,
558,Kolkata Knight Riders,RV Uthappa,
558,Delhi Daredevils,KM Jadhav,
559,Chennai Super Kings,MS Dhoni,
559,Mumbai Indians,PA Patel,
560,Kings XI Punjab,WP Saha,
560,Kolkata Knight Riders,RV Uthappa,
561,Sunrisers Hyderabad,NV Ojha,
561,Delhi Daredevils,Q de Kock,
562,Royal Challengers Bangalore,KD Karthik,
562,Mumbai Indians,PA Patel,
563,Chennai Super Kings,MS Dhoni,
563,Rajasthan Royals,SV Samson,
564,Sunrisers Hyderabad,NV Ojha,
564,Kings XI Punjab,WP Saha,
565,Chennai Super Kings,MS Dhoni,
565,Delhi Daredevils,Q de Kock,
566,Kings XI Punjab,WP Saha,
566,Royal Challengers Bangalore,KD Karthik,
567,Mumbai Indians,PA Patel,
567,Kolkata Knight Riders,RV Uthappa,
568,Sunrisers Hyderabad,NV Ojha,
568,Royal Challengers Bangalore,KD Karthik,
569,Kings XI Punjab,WP Saha,
569,Chennai Super Kings,MS Dhoni,
570,Rajasthan Royals,SV Samson,
570,Kolkata Knight Riders,RV Uthappa,
571,Delhi Daredevils,Q de Kock,
571,Royal Challengers Bangalore,KD Karthik,
572,Sunrisers Hyderabad,NV Ojha,
572,Mumbai Indians,PA Patel,
573,Mumbai Indians,PA Patel,
573,Chennai Super Kings,MS Dhoni,
574,Royal Challengers Bangalore,KD Karthik,
574,Rajasthan Royals,SV Samson,
575,Royal Challengers Bangalore,KD Karthik,
575,Chennai Super Kings,MS Dhoni,
576,Mumbai Indians,PA Patel,
576,Chennai Super Kings,MS Dhoni,
577,Mumbai Indians,JC Buttler,
577,Rising Pune Supergiants,MS Dhoni,
578,Delhi Daredevils,Q de Kock,
578,Kolkata Knight Riders,RV Uthappa,
579,Kings XI Punjab,WP Saha,
579,Gujarat Lions,KD Karthik,
580,Royal Challengers Bangalore,KM Jadhav,
580,Sunrisers Hyderabad,NV Ojha,
581,Kolkata Knight Riders,RV Uthappa,
581,Mumbai Indians,PA Patel,
582,Rising Pune Supergiants,MS Dhoni,
582,Gujarat Lions,KD Karthik,
583,Kings XI Punjab,WP Saha,
583,Delhi Daredevils,Q de Kock,
584,Sunrisers Hyderabad,NV Ojha,
584,Kolkata Knight Riders,RV Uthappa,
585,Mumbai Indians,PA Patel,
585,Gujarat Lions,KD Karthik,
586,Rising Pune Supergiants,MS Dhoni,
586,Kings XI Punjab,WP Saha,
587,Royal Challengers Bangalore,KM Jadhav,
587,Delhi Daredevils,Q de Kock,
588,Mumbai Indians,PA Patel,
588,Sunrisers Hyderabad,NV Ojha,
589,Kings XI Punjab,WP Saha,
589,Kolkata Knight Riders,RV Uthappa,
590,Royal Challengers Bangalore,KL Rahul,
590,Mumbai Indians,PA Patel,
591,Gujarat Lions,KD Karthik,
591,Sunrisers Hyderabad,NV Ojha,
592,Royal Challengers Bangalore,KL Rahul,
592,Rising Pune Supergiants,MS Dhoni,
593,Delhi Daredevils,Q de Kock,
593,Mumbai Indians,PA Patel,
594,Kings XI Punjab,NS Naik,
594,Sunrisers Hyderabad,NV Ojha,
595,Royal Challengers Bangalore,KL Rahul,
595,Gujarat Lions,KD Karthik,
596,Rising Pune Supergiants,MS Dhoni,
596,Kolkata Knight Riders,RV Uthappa,
597,Mumbai Indians,PA Patel,
597,Kings XI Punjab,NS Naik,
598,Sunrisers Hyderabad,NV Ojha,
598,Rising Pune Supergiants,MS Dhoni,
599,Gujarat Lions,KD Karthik,
599,Delhi Daredevils,Q de Kock,
600,Kolkata Knight Riders,RV Uthappa,
600,Mumbai Indians,PA Patel,
601,Rising Pune Supergiants,MS Dhoni,
601,Gujarat Lions,KD Karthik,
602,Delhi Daredevils,Q de Kock,
602,Kolkata Knight Riders,RV Uthappa,
603,Sunrisers Hyderabad,NV Ojha,
603,Royal Challengers Bangalore,KL Rahul,
604,Kings XI Punjab,WP Saha,
604,Gujarat Lions,KD Karthik,
605,Rising Pune Supergiants,MS Dhoni,
605,Mumbai Indians,PA Patel,
606,Royal Challengers Bangalore,KL Rahul,
606,Kolkata Knight Riders,RV Uthappa,
607,Gujarat Lions,KD Karthik,
607,Delhi Daredevils,Q de Kock,
608,Kolkata Knight Riders,RV Uthappa,
608,Kings XI Punjab,WP Saha,
609,Delhi Daredevils,SV Samson,
609,Rising Pune Supergiants,MS Dhoni,
610,Gujarat Lions,KD Karthik,
610,Sunrisers Hyderabad,NV Ojha,
611,Rising Pune Supergiants,MS Dhoni,
611,Royal Challengers Bangalore,KL Rahul,
612,Kings XI Punjab,WP Saha,
612,Delhi Daredevils,Q de Kock,
613,Sunrisers Hyderabad,NV Ojha,
613,Mumbai Indians,PA Patel,
614,Kolkata Knight Riders,RV Uthappa,
614,Gujarat Lions,KD Karthik,
615,Royal Challengers Bangalore,KL Rahul,
615,Kings XI Punjab,WP Saha,
616,Sunrisers Hyderabad,NV Ojha,
616,Rising Pune Supergiants,MS Dhoni,
617,Royal Challengers Bangalore,KL Rahul,
617,Mumbai Indians,PA Patel,
618,Sunrisers Hyderabad,NV Ojha,
618,Delhi Daredevils,Q de Kock,
619,Mumbai Indians,JC Buttler,
619,Kings XI Punjab,WP Saha,
620,Royal Challengers Bangalore,KL Rahul,
620,Gujarat Lions,KD Karthik,
621,Rising Pune Supergiants,MS Dhoni,
621,Kolkata Knight Riders,RV Uthappa,
622,Kings XI Punjab,WP Saha,
622,Sunrisers Hyderabad,NV Ojha,
623,Mumbai Indians,JC Buttler,
623,Delhi Daredevils,Q de Kock,
624,Kolkata Knight Riders,RV Uthappa,
624,Royal Challengers Bangalore,KL Rahul,
625,Delhi Daredevils,Q de Kock,
625,Rising Pune Supergiants,MS Dhoni,
626,Royal Challengers Bangalore,KL Rahul,
626,Kings XI Punjab,WP Saha,
627,Kolkata Knight Riders,RV Uthappa,
627,Gujarat Lions,KD Karthik,
628,Sunrisers Hyderabad,NV Ojha,
628,Delhi Daredevils,Q de Kock,
629,Kings XI Punjab,WP Saha,
629,Rising Pune Supergiants,MS Dhoni,
630,Mumbai Indians,JC Buttler,
630,Gujarat Lions,KD Karthik,
631,Kolkata Knight Riders,RV Uthappa,
631,Sunrisers Hyderabad,NV Ojha,
632,Delhi Daredevils,Q de Kock,
632,Royal Challengers Bangalore,KL Rahul,
633,Gujarat Lions,KD Karthik,
633,Royal Challengers Bangalore,KL Rahul,
634,Sunrisers Hyderabad,NV Ojha,
634,Kolkata Knight Riders,RV Uthappa,
635,Gujarat Lions,KD Karthik,
635,Sunrisers Hyderabad,NV Ojha,
636,Sunrisers Hyderabad,NV Ojha,
636,Royal Challengers Bangalore,KL Rahul,
7894,Delhi Daredevils,RR Pant,
7894,Kings XI Punjab,KL Rahul,
7895,Royal Challengers Bangalore,Q de Kock,
7895,Kolkata Knight Riders,KD Karthik,
7896,Rajasthan Royals,JC Buttler,
7896,Sunrisers Hyderabad,WP Saha,
7897,Kolkata Knight Riders,KD Karthik,
7897,Chennai Super Kings,MS Dhoni,
7898,Rajasthan Royals,JC Buttler,
7898,Delhi Daredevils,RR Pant,
7899,Mumbai Indians,Ishan Kishan,
7899,Sunrisers Hyderabad,WP Saha,
7900,Kings XI Punjab,KL Rahul,
7900,Royal Challengers Bangalore,Q de Kock,
7901,Mumbai Indians,Ishan Kishan,
7901,Delhi Daredevils,RR Pant,
7902,Kolkata Knight Riders,KD Karthik,
7902,Sunrisers Hyderabad,WP Saha,
7903,Rajasthan Royals,JC Buttler,
7903,Royal Challengers Bangalore,Q de Kock,
7904,Kings XI Punjab,KL Rahul,
7904,Chennai Super Kings,MS Dhoni,
7905,Kolkata Knight Riders,KD Karthik,
7905,Delhi Daredevils,RR Pant,
7906,Mumbai Indians,Ishan Kishan,
7906,Royal Challengers Bangalore,Q de Kock,
7907,Rajasthan Royals,JC Buttler,
7907,Kolkata Knight Riders,KD Karthik,
7908,Kings XI Punjab,KL Rahul,
7908,Sunrisers Hyderabad,WP Saha,
7909,Chennai Super Kings,MS Dhoni,
7909,Rajasthan Royals,JC Buttler,
7910,Kolkata Knight Riders,KD Karthik,
7910,Kings XI Punjab,KL Rahul,
7911,Delhi Daredevils,RR Pant,
7911,Royal Challengers Bangalore,Q de Kock,
7912,Chennai Super Kings,MS Dhoni,
7912,Sunrisers Hyderabad,WP Saha,
7913,Mumbai Indians,Ishan Kishan,
7913,Rajasthan Royals,JC Buttler,
7914,Kings XI Punjab,KL Rahul,
7914,Delhi Daredevils,RR Pant,
7915,Sunrisers Hyderabad,WP Saha,
7915,Mumbai Indians,Ishan Kishan,
7916,Royal Challengers Bangalore,Q de Kock,
7916,Chennai Super Kings,MS Dhoni,
7917,Sunrisers Hyderabad,WP Saha,
7917,Kings XI Punjab,KL Rahul,
7918,Delhi Daredevils,RR Pant,
7918,Kolkata Knight Riders,KD Karthik,
7919,Chennai Super Kings,MS Dhoni,
7919,Mumbai Indians,Ishan Kishan,
7920,Sunrisers Hyderabad,WP Saha,
7920,Rajasthan Royals,JC Buttler,
7921,Royal Challengers Bangalore,Q de Kock,
7921,Kolkata Knight Riders,KD Karthik,
7922,Chennai Super Kings,MS Dhoni,
7922,Delhi Daredevils,RR Pant,
7923,Royal Challengers Bangalore,Q de Kock,
7923,Mumbai Indians,Ishan Kishan,
7924,Delhi Daredevils,RR Pant,
7924,Rajasthan Royals,JC Buttler,
7925,Chennai Super Kings,MS Dhoni,
7925,Kolkata Knight Riders,KD Karthik,
7926,Kings XI Punjab,KL Rahul,
7926,Mumbai Indians,Ishan Kishan,
7927,Royal Challengers Bangalore,PA Patel,
7927,Chennai Super Kings,MS Dhoni,
7928,Delhi Daredevils,RR Pant,
7928,Sunrisers Hyderabad,WP Saha,
7929,Mumbai Indians,Ishan Kishan,
7929,Kolkata Knight Riders,KD Karthik,
7930,Rajasthan Royals,JC Buttler,
7930,Kings XI Punjab,KL Rahul,
7931,Sunrisers Hyderabad,WP Saha,
7931,Royal Challengers Bangalore,PA Patel,
7932,Rajasthan Royals,JC Buttler,
7932,Kings XI Punjab,KL Rahul,
7933,Mumbai Indians,Ishan Kishan,
7933,Kolkata Knight Riders,KD Karthik,
7934,Delhi Daredevils,RR Pant,
7934,Sunrisers Hyderabad,SP Goswami,
7935,Chennai Super Kings,MS Dhoni,
7935,Rajasthan Royals,JC Buttler,
7936,Kolkata Knight Riders,KD Karthik,
7936,Kings XI Punjab,KL Rahul,
7937,Delhi Daredevils,RR Pant,
7937,Royal Challengers Bangalore,PA Patel,
7938,Sunrisers Hyderabad,SP Goswami,
7938,Chennai Super Kings,MS Dhoni,
7939,Mumbai Indians,Ishan Kishan,
7939,Rajasthan Royals,JC Buttler,
7940,Kings XI Punjab,KL Rahul,
7940,Royal Challengers Bangalore,PA Patel,
7941,Rajasthan Royals,JC Buttler,
7941,Kolkata Knight Riders,KD Karthik,
7942,Mumbai Indians,Ishan Kishan,
7942,Kings XI Punjab,KL Rahul,
7943,Royal Challengers Bangalore,PA Patel,
7943,Sunrisers Hyderabad,SP Goswami,
7944,Delhi Daredevils,RR Pant,
7944,Chennai Super Kings,MS Dhoni,
7945,Rajasthan Royals,H Klaasen,
7945,Royal Challengers Bangalore,PA Patel,
7946,Sunrisers Hyderabad,SP Goswami,
7946,Kolkata Knight Riders,KD Karthik,
7947,Delhi Daredevils,RR Pant,
7947,Mumbai Indians,Ishan Kishan,
7948,Kings XI Punjab,KL Rahul,
7948,Chennai Super Kings,MS Dhoni,
7949,Sunrisers Hyderabad,SP Goswami,
7949,Chennai Super Kings,MS Dhoni,
7950,Kolkata Knight Riders,KD Karthik,
7950,Rajasthan Royals,H Klaasen,
7951,Sunrisers Hyderabad,WP Saha,
7951,Kolkata Knight Riders,KD Karthik,
7952,Sunrisers Hyderabad,SP Goswami,
7952,Chennai Super Kings,MS Dhoni,
11137,Royal Challengers Bangalore,PA Patel,
11137,Chennai Super Kings,MS Dhoni,
11138,Sunrisers Hyderabad,JM Bairstow,
11138,Kolkata Knight Riders,KD Karthik,
11139,Delhi Capitals,RR Pant,
11139,Mumbai Indians,Q de Kock,
11140,Kings XI Punjab,N Pooran,
11140,Rajasthan Royals,JC Buttler,
11141,Delhi Capitals,RR Pant,
11141,Chennai Super Kings,MS Dhoni,
11142,Kolkata Knight Riders,KD Karthik,
11142,Kings XI Punjab,KL Rahul,
11143,Mumbai Indians,Q de Kock,
11143,Royal Challengers Bangalore,PA Patel,
11144,Rajasthan Royals,JC Buttler,
11144,Sunrisers Hyderabad,JM Bairstow,
11145,Mumbai Indians,Q de Kock,
11145,Kings XI Punjab,KL Rahul,
11146,Kolkata Knight Riders,KD Karthik,
11146,Delhi Capitals,RR Pant,
11147,Sunrisers Hyderabad,JM Bairstow,
11147,Royal Challengers Bangalore,PA Patel,
11148,Chennai Super Kings,MS Dhoni,
11148,Rajasthan Royals,JC Buttler,
11149,Kings XI Punjab,KL Rahul,
11149,Delhi Capitals,RR Pant,
11150,Royal Challengers Bangalore,PA Patel,
11150,Rajasthan Royals,JC Buttler,
11151,Mumbai Indians,Q de Kock,
11151,Chennai Super Kings,MS Dhoni,
11152,Delhi Capitals,RR Pant,
11152,Sunrisers Hyderabad,JM Bairstow,
11153,Royal Challengers Bangalore,PA Patel,
11153,Kolkata Knight Riders,KD Karthik,
11309,Chennai Super Kings,MS Dhoni,
11309,Kings XI Punjab,KL Rahul,
11310,Mumbai Indians,Q de Kock,
11310,Sunrisers Hyderabad,JM Bairstow,
11311,Royal Challengers Bangalore,PA Patel,
11311,Delhi Capitals,RR Pant,
11312,Rajasthan Royals,JC Buttler,
11312,Kolkata Knight Riders,KD Karthik,
11313,Sunrisers Hyderabad,JM Bairstow,
11313,Kings XI Punjab,KL Rahul,
11314,Kolkata Knight Riders,KD Karthik,
11314,Chennai Super Kings,MS Dhoni,
11315,Kings XI Punjab,KL Rahul,
11315,Mumbai Indians,Q de Kock,
11316,Rajasthan Royals,JC Buttler,
11316,Chennai Super Kings,MS Dhoni,
11317,Kolkata Knight Riders,KD Karthik,
11317,Delhi Capitals,RR Pant,
11318,Mumbai Indians,Q de Kock,
11318,Rajasthan Royals,SV Samson,
11319,Kings XI Punjab,N Pooran,
11319,Royal Challengers Bangalore,PA Patel,
11320,Kolkata Knight Riders,KD Karthik,
11320,Chennai Super Kings,MS Dhoni,
11321,Delhi Capitals,RR Pant,
11321,Sunrisers Hyderabad,JM Bairstow,
11322,Royal Challengers Bangalore,PA Patel,
11322,Mumbai Indians,Q de Kock,
11323,Kings XI Punjab,N Pooran,
11323,Rajasthan Royals,SV Samson,
11324,Chennai Super Kings,SW Billings,
11324,Sunrisers Hyderabad,JM Bairstow,
11325,Mumbai Indians,Q de Kock,
11325,Delhi Capitals,RR Pant,
11326,Royal Challengers Bangalore,PA Patel,
11326,Kolkata Knight Riders,KD Karthik,
11327,Mumbai Indians,Q de Kock,
11327,Rajasthan Royals,SV Samson,
11328,Kings XI Punjab,KL Rahul,
11328,Delhi Capitals,RR Pant,
11329,Kolkata Knight Riders,KD Karthik,
11329,Sunrisers Hyderabad,JM Bairstow,
11330,Royal Challengers Bangalore,PA Patel,
11330,Chennai Super Kings,MS Dhoni,
11331,Rajasthan Royals,SV Samson,
11331,Delhi Capitals,RR Pant,
11332,Sunrisers Hyderabad,JM Bairstow,
11332,Chennai Super Kings,MS Dhoni,
11333,Royal Challengers Bangalore,PA Patel,
11333,Kings XI Punjab,N Pooran,
11334,Kolkata Knight Riders,KD Karthik,
11334,Rajasthan Royals,SV Samson,
11335,Mumbai Indians,Q de Kock,
11335,Chennai Super Kings,AT Rayudu,
11336,Sunrisers Hyderabad,WP Saha,
11336,Rajasthan Royals,SV Samson,
11337,Delhi Capitals,RR Pant,
11337,Royal Challengers Bangalore,PA Patel,
11338,Kolkata Knight Riders,KD Karthik,
11338,Mumbai Indians,Q de Kock,
11339,Sunrisers Hyderabad,WP Saha,
11339,Kings XI Punjab,P Simran Singh,
11340,Royal Challengers Bangalore,PA Patel,
11340,Rajasthan Royals,SV Samson,
11341,Chennai Super Kings,MS Dhoni,
11341,Delhi Capitals,RR Pant,
11342,Mumbai Indians,Q de Kock,
11342,Sunrisers Hyderabad,WP Saha,
11343,Kings XI Punjab,N Pooran,
11343,Kolkata Knight Riders,KD Karthik,
11344,Rajasthan Royals,SV Samson,
11344,Delhi Capitals,RR Pant,
11345,Sunrisers Hyderabad,WP Saha,
11345,Royal Challengers Bangalore,PA Patel,
11346,Chennai Super Kings,MS Dhoni,
11346,Kings XI Punjab,N Pooran,
11347,Kolkata Knight Riders,KD Karthik,
11347,Mumbai Indians,Q de Kock,
11412,Chennai Super Kings,MS Dhoni,
11412,Mumbai Indians,Q de Kock,
11413,Sunrisers Hyderabad,WP Saha,
11413,Delhi Capitals,RR Pant,
11414,Delhi Capitals,RR Pant,
11414,Chennai Super Kings,MS Dhoni,
11415,Mumbai Indians,Q de Kock,
11415,Chennai Super Kings,MS Dhoni,